date,ticker,headline,source,url
2026-05-24,AMD,The C++ Standard Library Has Been Walking Itself Back for Fifteen Years,Hftuniversity.com,https://hftuniversity.com/post/the-c-standard-library-has-been-walking-itself-back-for-fifteen-years-and-the-receipts-are-public
2026-05-24,AMD,breccia added to PyPI,Pypi.org,https://pypi.org/project/breccia/
2026-05-23,NVDA,Here’s What Jim Cramer Had Said About NVIDIA (NVDA) Ahead Of Earnings,Yahoo Entertainment,https://consent.yahoo.com/v2/collectConsent?sessionId=1_cc-session_5d1858f9-aeed-49fa-b855-2b58b12d9044
2026-05-23,NVDA,"If I could buy only one ASX ETF for the next 10 years, this could be it",Motley Fool Australia,https://www.fool.com.au/2026/05/24/if-i-could-buy-only-one-asx-etf-for-the-next-10-years-this-could-be-it/
2026-05-23,AVGO,"These cybersecurity stocks are poised for rapid growth through 2028, and some of them are cheap right now",MarketWatch,https://www.marketwatch.com/story/these-cybersecurity-stocks-are-poised-for-rapid-growth-through-2028-and-some-of-them-are-cheap-right-now-cf924a36
2026-05-23,AVGO,Broadcom’s AI Packaging Bet Gets Bigger. Wall Street Is Betting on More Upside for AVGO Stock.,Barchart.com,https://www.barchart.com/story/news/2102972/broadcoms-ai-packaging-bet-gets-bigger-wall-street-is-betting-on-more-upside-for-avgo-stock
2026-05-23,AMD,Adobe Photoshop 2026 v27.7 Win x64,Cgpersia.com,https://cgpersia.com/2026/05/adobe-photoshop-2026-v27-7-win-x64-203422.html
2026-05-23,AMD,NVIDIA's 'Vera' CPUs could outperform and outsell competing x86 offerings from Intel and AMD,TweakTown,https://www.tweaktown.com/news/111785/nvidias-vera-cpus-could-outperform-and-outsell-competing-x86-offerings-from-intel-and-amd/index.html
2026-05-23,AMD,Corsair has started sourcing Chinese RAM,Notebookcheck.net,https://www.notebookcheck.net/Corsair-has-started-sourcing-Chinese-RAM.1304222.0.html
2026-05-23,MSFT,We’re Not in a Bubble. Wall Street Just Hasn’t Caught Up With the New ‘Physics’ of the Stock Market.,Barchart.com,https://www.barchart.com/story/news/2101982/were-not-in-a-bubble-wall-street-just-hasnt-caught-up-with-the-new-physics-of-the-stock-market
2026-05-23,MSFT,"Billionaire Bill Ackman Pours $2,092,970,000 Into One Asset, Dumps Uber and Two Mag 7 Stocks",The Daily Hodl,https://dailyhodl.com/2026/05/23/billionaire-bill-ackman-pours-2092970000-into-one-asset-dumps-uber-and-two-mag-7-stocks/
2026-05-23,MSFT,Paul Tudor Jones makes $8 billion bet on small-cap chaos,TheStreet,https://www.thestreet.com/investing/paul-tudor-jones-makes-8-billion-bet-on-small-cap-chaos
2026-05-23,MSFT,llm-join added to PyPI,Pypi.org,https://pypi.org/project/llm-join/
2026-05-23,MSFT,"If I could buy only one ASX ETF for the next 10 years, this could be it",Motley Fool Australia,https://www.fool.com.au/2026/05/24/if-i-could-buy-only-one-asx-etf-for-the-next-10-years-this-could-be-it/
2026-05-23,GOOGL,"These cybersecurity stocks are poised for rapid growth through 2028, and some of them are cheap right now",MarketWatch,https://www.marketwatch.com/story/these-cybersecurity-stocks-are-poised-for-rapid-growth-through-2028-and-some-of-them-are-cheap-right-now-cf924a36
2026-05-23,GOOGL,We’re Not in a Bubble. Wall Street Just Hasn’t Caught Up With the New ‘Physics’ of the Stock Market.,Barchart.com,https://www.barchart.com/story/news/2101982/were-not-in-a-bubble-wall-street-just-hasnt-caught-up-with-the-new-physics-of-the-stock-market
2026-05-23,GOOGL,"Billionaire Bill Ackman Pours $2,092,970,000 Into One Asset, Dumps Uber and Two Mag 7 Stocks",The Daily Hodl,https://dailyhodl.com/2026/05/23/billionaire-bill-ackman-pours-2092970000-into-one-asset-dumps-uber-and-two-mag-7-stocks/
2026-05-23,GOOGL,Paul Tudor Jones makes $8 billion bet on small-cap chaos,TheStreet,https://www.thestreet.com/investing/paul-tudor-jones-makes-8-billion-bet-on-small-cap-chaos
2026-05-23,NVDA,"Should You Buy, Or Sell Fidelity’s MSCI Industrials Index ETF (FIDU) Today?",24/7 Wall St.,https://247wallst.com/investing/2026/05/23/should-you-buy-or-sell-fidelitys-msci-industrials-index-etf-fidu-today/
2026-05-23,NVDA,Paul Tudor Jones makes $8 billion bet on small-cap chaos,TheStreet,https://www.thestreet.com/investing/paul-tudor-jones-makes-8-billion-bet-on-small-cap-chaos
2026-05-23,NVDA,Nvidia CEO Jensen Huang highlights China as long-term opportunity despite US tech tensions,Crypto Briefing,https://cryptobriefing.com/nvidia-huang-china-long-term-opportunity/
2026-05-22,GOOGL,Apple shares hit new all-time intraday and closing highs,Macdailynews.com,https://macdailynews.com/2026/05/22/apple-shares-hit-new-all-time-intraday-and-closing-highs-93/
2026-05-22,AVGO,SMH vs SOXX: Which Semiconductor ETF Should You Buy in 2026?,Etf.com,http://www.etf.com/sections/news/smh-vs-soxx-which-semiconductor-etf-should-you-buy-2026?utm_source=yahoo-finance&amp;utm_medium=rss&amp;utm_campaign=yahoo-finance-rss
2026-05-22,AVGO,Inflation Fears Weighed on Broadcom (AVGO) in Q1,Yahoo Entertainment,https://finance.yahoo.com/markets/stocks/articles/inflation-fears-weighed-broadcom-avgo-132922719.html
2026-05-22,AVGO,The Best AI Stock to Buy Now for Less Than $500,Barchart.com,https://www.barchart.com/story/news/2082392/the-best-ai-stock-to-buy-now-for-less-than-500
